web-scraper-order,web-scraper-start-url,link,link-href,title,poster_url-src
1672164483-607,"https://www.imdb.com/search/title/?genres=animation&explore=title_type,genres&pf_rd_m=A2FGELUUNOQJNL&pf_rd_p=fd0c0dd4-de47-4168-baa8-239e02fd9ee7&pf_rd_r=0QT0GHSZHD654892VS4N&pf_rd_s=center-4&pf_rd_t=15051&pf_rd_i=genre&ref_=ft_gnr_pr4_i_1",Frozen: Uma Aventura Congelante,https://www.imdb.com/title/tt2294629/?ref_=adv_li_tt,Frozen: Uma Aventura Congelante,"https://m.media-amazon.com/images/M/MV5BOWQ5Y2ZhOGUtMTc2MS00NzdjLWE2OGEtYjMxNDU4YWIzNzU1XkEyXkFqcGdeQXVyMTAyOTE2ODg0._V1_QL75_UY281_CR4,0,190,281_.jpg"
1672164486-608,"https://www.imdb.com/search/title/?genres=animation&explore=title_type,genres&pf_rd_m=A2FGELUUNOQJNL&pf_rd_p=fd0c0dd4-de47-4168-baa8-239e02fd9ee7&pf_rd_r=0QT0GHSZHD654892VS4N&pf_rd_s=center-4&pf_rd_t=15051&pf_rd_i=genre&ref_=ft_gnr_pr4_i_1",O Natal do Charlie Brown,https://www.imdb.com/title/tt0059026/?ref_=adv_li_tt,O Natal do Charlie Brown,"https://m.media-amazon.com/images/M/MV5BMzQ3M2JhNzMtNWQ2NS00N2IxLThmYTctMzkwYzJiMThiMjI4XkEyXkFqcGdeQXVyMDM2NDM2MQ@@._V1_QL75_UX190_CR0,0,190,281_.jpg"
1672164490-609,"https://www.imdb.com/search/title/?genres=animation&explore=title_type,genres&pf_rd_m=A2FGELUUNOQJNL&pf_rd_p=fd0c0dd4-de47-4168-baa8-239e02fd9ee7&pf_rd_r=0QT0GHSZHD654892VS4N&pf_rd_s=center-4&pf_rd_t=15051&pf_rd_i=genre&ref_=ft_gnr_pr4_i_1",JoJo's Bizarre Adventure,https://www.imdb.com/title/tt2359704/?ref_=adv_li_tt,JoJo's Bizarre Adventure,"https://m.media-amazon.com/images/M/MV5BN2E4NWVhNmYtYzQyMS00MjcwLTgyN2UtMmVhNDkzNWQ0NzJjXkEyXkFqcGdeQXVyNjc2NjA5MTU@._V1_QL75_UY281_CR5,0,190,281_.jpg"
1672164496-610,"https://www.imdb.com/search/title/?genres=animation&explore=title_type,genres&pf_rd_m=A2FGELUUNOQJNL&pf_rd_p=fd0c0dd4-de47-4168-baa8-239e02fd9ee7&pf_rd_r=0QT0GHSZHD654892VS4N&pf_rd_s=center-4&pf_rd_t=15051&pf_rd_i=genre&ref_=ft_gnr_pr4_i_1",Departamento de Conspirações,https://www.imdb.com/title/tt10231312/?ref_=adv_li_tt,Departamento de Conspirações,"https://m.media-amazon.com/images/M/MV5BZTg5YjE1YzktYjRmZC00Y2VjLThiMDItOTcwODRhMjRjZDQ1XkEyXkFqcGdeQXVyMTEzMTI1Mjk3._V1_QL75_UY281_CR18,0,190,281_.jpg"
1672164500-611,"https://www.imdb.com/search/title/?genres=animation&explore=title_type,genres&pf_rd_m=A2FGELUUNOQJNL&pf_rd_p=fd0c0dd4-de47-4168-baa8-239e02fd9ee7&pf_rd_r=0QT0GHSZHD654892VS4N&pf_rd_s=center-4&pf_rd_t=15051&pf_rd_i=genre&ref_=ft_gnr_pr4_i_1",Archer,https://www.imdb.com/title/tt1486217/?ref_=adv_li_tt,Archer,"https://m.media-amazon.com/images/M/MV5BY2E3N2MzNDAtNDgwZi00NTZlLTg5YWMtNmRhOWIzMDQ0NGJiXkEyXkFqcGdeQXVyNjczOTE0MzM@._V1_QL75_UX190_CR0,2,190,281_.jpg"
1672164503-612,"https://www.imdb.com/search/title/?genres=animation&explore=title_type,genres&pf_rd_m=A2FGELUUNOQJNL&pf_rd_p=fd0c0dd4-de47-4168-baa8-239e02fd9ee7&pf_rd_r=0QT0GHSZHD654892VS4N&pf_rd_s=center-4&pf_rd_t=15051&pf_rd_i=genre&ref_=ft_gnr_pr4_i_1",O Ano sem Papai Noel,https://www.imdb.com/title/tt0072424/?ref_=adv_li_tt,O Ano sem Papai Noel,"https://m.media-amazon.com/images/M/MV5BMTUxMTkyMzIzMV5BMl5BanBnXkFtZTYwMjcwNjA5._V1_QL75_UY281_CR3,0,190,281_.jpg"
1672164506-613,"https://www.imdb.com/search/title/?genres=animation&explore=title_type,genres&pf_rd_m=A2FGELUUNOQJNL&pf_rd_p=fd0c0dd4-de47-4168-baa8-239e02fd9ee7&pf_rd_r=0QT0GHSZHD654892VS4N&pf_rd_s=center-4&pf_rd_t=15051&pf_rd_i=genre&ref_=ft_gnr_pr4_i_1",A Estrela de Belém,https://www.imdb.com/title/tt4587656/?ref_=adv_li_tt,A Estrela de Belém,"https://m.media-amazon.com/images/M/MV5BZTcyYzQ0MTktNTRiNi00NTdlLTk0NTgtY2M0NTkwNjY2YWM5XkEyXkFqcGdeQXVyMTAyOTE2ODg0._V1_QL75_UY281_CR1,0,190,281_.jpg"
1672164510-614,"https://www.imdb.com/search/title/?genres=animation&explore=title_type,genres&pf_rd_m=A2FGELUUNOQJNL&pf_rd_p=fd0c0dd4-de47-4168-baa8-239e02fd9ee7&pf_rd_r=0QT0GHSZHD654892VS4N&pf_rd_s=center-4&pf_rd_t=15051&pf_rd_i=genre&ref_=ft_gnr_pr4_i_1",Sing 2,https://www.imdb.com/title/tt6467266/?ref_=adv_li_tt,Sing 2,"https://m.media-amazon.com/images/M/MV5BMWRiZGQ1NDMtODQ2OS00MDlhLWJkZGYtM2ZmNjlhZThjOWRmXkEyXkFqcGdeQXVyMTkxNjUyNQ@@._V1_QL75_UX190_CR0,10,190,281_.jpg"
1672164514-615,"https://www.imdb.com/search/title/?genres=animation&explore=title_type,genres&pf_rd_m=A2FGELUUNOQJNL&pf_rd_p=fd0c0dd4-de47-4168-baa8-239e02fd9ee7&pf_rd_r=0QT0GHSZHD654892VS4N&pf_rd_s=center-4&pf_rd_t=15051&pf_rd_i=genre&ref_=ft_gnr_pr4_i_1",Arcane,https://www.imdb.com/title/tt11126994/?ref_=adv_li_tt,Arcane,"https://m.media-amazon.com/images/M/MV5BYmU5OWM5ZTAtNjUzOC00NmUyLTgyOWMtMjlkNjdlMDAzMzU1XkEyXkFqcGdeQXVyMDM2NDM2MQ@@._V1_QL75_UX190_CR0,0,190,281_.jpg"
1672164517-616,"https://www.imdb.com/search/title/?genres=animation&explore=title_type,genres&pf_rd_m=A2FGELUUNOQJNL&pf_rd_p=fd0c0dd4-de47-4168-baa8-239e02fd9ee7&pf_rd_r=0QT0GHSZHD654892VS4N&pf_rd_s=center-4&pf_rd_t=15051&pf_rd_i=genre&ref_=ft_gnr_pr4_i_1",Demon Slayer: Kimetsu no Yaiba,https://www.imdb.com/title/tt9335498/?ref_=adv_li_tt,Demon Slayer: Kimetsu no Yaiba,"https://m.media-amazon.com/images/M/MV5BNzJhMDY2NzUtYzE2Ny00YWVmLWI3YjQtODk2ZWQzYmEwMzJiXkEyXkFqcGdeQXVyNjAwNDUxODI@._V1_QL75_UY281_CR4,0,190,281_.jpg"
1672164521-617,"https://www.imdb.com/search/title/?genres=animation&explore=title_type,genres&pf_rd_m=A2FGELUUNOQJNL&pf_rd_p=fd0c0dd4-de47-4168-baa8-239e02fd9ee7&pf_rd_r=0QT0GHSZHD654892VS4N&pf_rd_s=center-4&pf_rd_t=15051&pf_rd_i=genre&ref_=ft_gnr_pr4_i_1",Encantada,https://www.imdb.com/title/tt0461770/?ref_=adv_li_tt,Encantada,"https://m.media-amazon.com/images/M/MV5BOWI0NzZlZmEtZmRlNi00ODY0LWI5ZGUtNTQ0Y2VhOTYzY2MxXkEyXkFqcGdeQXVyMTAyOTE2ODg0._V1_QL75_UX190_CR0,2,190,281_.jpg"
1672164525-618,"https://www.imdb.com/search/title/?genres=animation&explore=title_type,genres&pf_rd_m=A2FGELUUNOQJNL&pf_rd_p=fd0c0dd4-de47-4168-baa8-239e02fd9ee7&pf_rd_r=0QT0GHSZHD654892VS4N&pf_rd_s=center-4&pf_rd_t=15051&pf_rd_i=genre&ref_=ft_gnr_pr4_i_1","Lilo, Lilo, Crocodilo",https://www.imdb.com/title/tt14668630/?ref_=adv_li_tt,"Lilo, Lilo, Crocodilo","https://m.media-amazon.com/images/M/MV5BN2NkYjNlY2EtNzg2Yi00ZmMyLTg0YzMtYzU2OWU0Y2RmYzJlXkEyXkFqcGdeQXVyMTA3MDk2NDg2._V1_QL75_UX190_CR0,10,190,281_.jpg"
1672164529-619,"https://www.imdb.com/search/title/?genres=animation&explore=title_type,genres&pf_rd_m=A2FGELUUNOQJNL&pf_rd_p=fd0c0dd4-de47-4168-baa8-239e02fd9ee7&pf_rd_r=0QT0GHSZHD654892VS4N&pf_rd_s=center-4&pf_rd_t=15051&pf_rd_i=genre&ref_=ft_gnr_pr4_i_1","Love, Death & Robots",https://www.imdb.com/title/tt9561862/?ref_=adv_li_tt,"Love, Death & Robots","https://m.media-amazon.com/images/M/MV5BYTNiYTNkNTAtYzE3ZS00ZDQ1LWEwZTYtZjI1NzYzMWJjY2U4XkEyXkFqcGdeQXVyODk4OTc3MTY@._V1_QL75_UX190_CR0,0,190,281_.jpg"
1672164533-620,"https://www.imdb.com/search/title/?genres=animation&explore=title_type,genres&pf_rd_m=A2FGELUUNOQJNL&pf_rd_p=fd0c0dd4-de47-4168-baa8-239e02fd9ee7&pf_rd_r=0QT0GHSZHD654892VS4N&pf_rd_s=center-4&pf_rd_t=15051&pf_rd_i=genre&ref_=ft_gnr_pr4_i_1",Homem-Aranha no Aranhaverso,https://www.imdb.com/title/tt4633694/?ref_=adv_li_tt,Homem-Aranha no Aranhaverso,"https://m.media-amazon.com/images/M/MV5BMmM0YWUyZjktNGZhOS00Njk1LTk5NWItODE0ZDY2N2I1YzNlXkEyXkFqcGdeQXVyMTAzMDM4MjM0._V1_QL75_UX190_CR0,0,190,281_.jpg"
1672164537-621,"https://www.imdb.com/search/title/?genres=animation&explore=title_type,genres&pf_rd_m=A2FGELUUNOQJNL&pf_rd_p=fd0c0dd4-de47-4168-baa8-239e02fd9ee7&pf_rd_r=0QT0GHSZHD654892VS4N&pf_rd_s=center-4&pf_rd_t=15051&pf_rd_i=genre&ref_=ft_gnr_pr4_i_1",A Bela e a Fera,https://www.imdb.com/title/tt0101414/?ref_=adv_li_tt,A Bela e a Fera,"https://m.media-amazon.com/images/M/MV5BMzE5MDM1NDktY2I0OC00YWI5LTk2NzUtYjczNDczOWQxYjM0XkEyXkFqcGdeQXVyMTQxNzMzNDI@._V1_QL75_UX190_CR0,0,190,281_.jpg"
1672164541-622,"https://www.imdb.com/search/title/?genres=animation&explore=title_type,genres&pf_rd_m=A2FGELUUNOQJNL&pf_rd_p=fd0c0dd4-de47-4168-baa8-239e02fd9ee7&pf_rd_r=0QT0GHSZHD654892VS4N&pf_rd_s=center-4&pf_rd_t=15051&pf_rd_i=genre&ref_=ft_gnr_pr4_i_1",Avatar: A Lenda de Aang,https://www.imdb.com/title/tt0417299/?ref_=adv_li_tt,Avatar: A Lenda de Aang,"https://m.media-amazon.com/images/M/MV5BODc5YTBhMTItMjhkNi00ZTIxLWI0YjAtNTZmOTY0YjRlZGQ0XkEyXkFqcGdeQXVyODUwNjEzMzg@._V1_QL75_UY281_CR1,0,190,281_.jpg"
1672164567-623,"https://www.imdb.com/search/title/?genres=animation&explore=title_type,genres&pf_rd_m=A2FGELUUNOQJNL&pf_rd_p=fd0c0dd4-de47-4168-baa8-239e02fd9ee7&pf_rd_r=0QT0GHSZHD654892VS4N&pf_rd_s=center-4&pf_rd_t=15051&pf_rd_i=genre&ref_=ft_gnr_pr4_i_1",Gato de Botas,https://www.imdb.com/title/tt0448694/?ref_=adv_li_tt,Gato de Botas,"https://m.media-amazon.com/images/M/MV5BMTMxMTU5MTY4MV5BMl5BanBnXkFtZTcwNzgyNjg2NQ@@._V1_QL75_UX190_CR0,8,190,281_.jpg"
1672164571-624,"https://www.imdb.com/search/title/?genres=animation&explore=title_type,genres&pf_rd_m=A2FGELUUNOQJNL&pf_rd_p=fd0c0dd4-de47-4168-baa8-239e02fd9ee7&pf_rd_r=0QT0GHSZHD654892VS4N&pf_rd_s=center-4&pf_rd_t=15051&pf_rd_i=genre&ref_=ft_gnr_pr4_i_1",Mob Psycho 100,https://www.imdb.com/title/tt5897304/?ref_=adv_li_tt,Mob Psycho 100,"https://m.media-amazon.com/images/M/MV5BYWIwZjhkMzgtOWExYi00ZGIwLTg1ZTktNjQyZWIxYWFmZTc0XkEyXkFqcGdeQXVyNjAwNDUxODI@._V1_QL75_UX190_CR0,2,190,281_.jpg"
1672164574-625,"https://www.imdb.com/search/title/?genres=animation&explore=title_type,genres&pf_rd_m=A2FGELUUNOQJNL&pf_rd_p=fd0c0dd4-de47-4168-baa8-239e02fd9ee7&pf_rd_r=0QT0GHSZHD654892VS4N&pf_rd_s=center-4&pf_rd_t=15051&pf_rd_i=genre&ref_=ft_gnr_pr4_i_1",BoJack Horseman,https://www.imdb.com/title/tt3398228/?ref_=adv_li_tt,BoJack Horseman,"https://m.media-amazon.com/images/M/MV5BYWQwMDNkM2MtODU4OS00OTY3LTgwOTItNjE2Yzc0MzRkMDllXkEyXkFqcGdeQXVyMTkxNjUyNQ@@._V1_QL75_UX190_CR0,0,190,281_.jpg"
1672164578-626,"https://www.imdb.com/search/title/?genres=animation&explore=title_type,genres&pf_rd_m=A2FGELUUNOQJNL&pf_rd_p=fd0c0dd4-de47-4168-baa8-239e02fd9ee7&pf_rd_r=0QT0GHSZHD654892VS4N&pf_rd_s=center-4&pf_rd_t=15051&pf_rd_i=genre&ref_=ft_gnr_pr4_i_1",Bluey,https://www.imdb.com/title/tt7678620/?ref_=adv_li_tt,Bluey,"https://m.media-amazon.com/images/M/MV5BMDBiNDI3YjQtNDdkNS00ZDliLTlmMmQtMDE4ZWM1ZGIyNjljXkEyXkFqcGdeQXVyNTE1NjY5Mg@@._V1_QL75_UX190_CR0,2,190,281_.jpg"
1672164582-627,"https://www.imdb.com/search/title/?genres=animation&explore=title_type,genres&pf_rd_m=A2FGELUUNOQJNL&pf_rd_p=fd0c0dd4-de47-4168-baa8-239e02fd9ee7&pf_rd_r=0QT0GHSZHD654892VS4N&pf_rd_s=center-4&pf_rd_t=15051&pf_rd_i=genre&ref_=ft_gnr_pr4_i_1",Bob's Burgers,https://www.imdb.com/title/tt1561755/?ref_=adv_li_tt,Bob's Burgers,"https://m.media-amazon.com/images/M/MV5BZGJiNmM1NDctNWUxYS00YzE4LWJjNTgtYTJhYzE0NjFmMTMwXkEyXkFqcGdeQXVyNTAyODkwOQ@@._V1_QL75_UX190_CR0,2,190,281_.jpg"
1672164587-628,"https://www.imdb.com/search/title/?genres=animation&explore=title_type,genres&pf_rd_m=A2FGELUUNOQJNL&pf_rd_p=fd0c0dd4-de47-4168-baa8-239e02fd9ee7&pf_rd_r=0QT0GHSZHD654892VS4N&pf_rd_s=center-4&pf_rd_t=15051&pf_rd_i=genre&ref_=ft_gnr_pr4_i_1",South Park,https://www.imdb.com/title/tt0121955/?ref_=adv_li_tt,South Park,"https://m.media-amazon.com/images/M/MV5BZjNhODYzZGItZWQ3Ny00ZjViLTkxMTUtM2EzN2RjYjU2OGZiXkEyXkFqcGdeQXVyMTI5MTc0OTIy._V1_QL75_UX190_CR0,2,190,281_.jpg"
1672164591-629,"https://www.imdb.com/search/title/?genres=animation&explore=title_type,genres&pf_rd_m=A2FGELUUNOQJNL&pf_rd_p=fd0c0dd4-de47-4168-baa8-239e02fd9ee7&pf_rd_r=0QT0GHSZHD654892VS4N&pf_rd_s=center-4&pf_rd_t=15051&pf_rd_i=genre&ref_=ft_gnr_pr4_i_1",Paradise Police,https://www.imdb.com/title/tt8235236/?ref_=adv_li_tt,Paradise Police,"https://m.media-amazon.com/images/M/MV5BMTU2NjgxNTUxMF5BMl5BanBnXkFtZTgwMzM4MjMwNjM@._V1_QL75_UX190_CR0,0,190,281_.jpg"
1672164595-630,"https://www.imdb.com/search/title/?genres=animation&explore=title_type,genres&pf_rd_m=A2FGELUUNOQJNL&pf_rd_p=fd0c0dd4-de47-4168-baa8-239e02fd9ee7&pf_rd_r=0QT0GHSZHD654892VS4N&pf_rd_s=center-4&pf_rd_t=15051&pf_rd_i=genre&ref_=ft_gnr_pr4_i_1",Bleach: Thousand-Year Blood War,https://www.imdb.com/title/tt14986406/?ref_=adv_li_tt,Bleach: Thousand-Year Blood War,"https://m.media-amazon.com/images/M/MV5BODFmYTUwYzMtM2M2My00NGExLWIzMDctYmRjNTNhZDc4MGI2XkEyXkFqcGdeQXVyMTMzNDExODE5._V1_QL75_UY281_CR5,0,190,281_.jpg"
1672164599-631,"https://www.imdb.com/search/title/?genres=animation&explore=title_type,genres&pf_rd_m=A2FGELUUNOQJNL&pf_rd_p=fd0c0dd4-de47-4168-baa8-239e02fd9ee7&pf_rd_r=0QT0GHSZHD654892VS4N&pf_rd_s=center-4&pf_rd_t=15051&pf_rd_i=genre&ref_=ft_gnr_pr4_i_1",A Verdadeira História de Papai Noel,https://www.imdb.com/title/tt0066327/?ref_=adv_li_tt,A Verdadeira História de Papai Noel,"https://m.media-amazon.com/images/M/MV5BMTc2NjMxMTU2Ml5BMl5BanBnXkFtZTcwNjg4NTYyMQ@@._V1_QL75_UY281_CR2,0,190,281_.jpg"
1672164603-632,"https://www.imdb.com/search/title/?genres=animation&explore=title_type,genres&pf_rd_m=A2FGELUUNOQJNL&pf_rd_p=fd0c0dd4-de47-4168-baa8-239e02fd9ee7&pf_rd_r=0QT0GHSZHD654892VS4N&pf_rd_s=center-4&pf_rd_t=15051&pf_rd_i=genre&ref_=ft_gnr_pr4_i_1",Como o Grinch Roubou o Natal!,https://www.imdb.com/title/tt0060345/?ref_=adv_li_tt,Como o Grinch Roubou o Natal!,"https://m.media-amazon.com/images/M/MV5BNzBiMjVlYmYtYmE3NS00MGExLTg4MjUtYmY2Y2U0MWQ0MzQ3XkEyXkFqcGdeQXVyNTA4NzY1MzY@._V1_QL75_UY281_CR4,0,190,281_.jpg"
1672164607-633,"https://www.imdb.com/search/title/?genres=animation&explore=title_type,genres&pf_rd_m=A2FGELUUNOQJNL&pf_rd_p=fd0c0dd4-de47-4168-baa8-239e02fd9ee7&pf_rd_r=0QT0GHSZHD654892VS4N&pf_rd_s=center-4&pf_rd_t=15051&pf_rd_i=genre&ref_=ft_gnr_pr4_i_1",Operação Presente,https://www.imdb.com/title/tt1430607/?ref_=adv_li_tt,Operação Presente,"https://m.media-amazon.com/images/M/MV5BNTczMjMwMTE2OV5BMl5BanBnXkFtZTcwNDU0NTAwNw@@._V1_QL75_UY281_CR0,0,190,281_.jpg"
1672164611-634,"https://www.imdb.com/search/title/?genres=animation&explore=title_type,genres&pf_rd_m=A2FGELUUNOQJNL&pf_rd_p=fd0c0dd4-de47-4168-baa8-239e02fd9ee7&pf_rd_r=0QT0GHSZHD654892VS4N&pf_rd_s=center-4&pf_rd_t=15051&pf_rd_i=genre&ref_=ft_gnr_pr4_i_1",Sonic Prime,https://www.imdb.com/title/tt13961348/?ref_=adv_li_tt,Sonic Prime,"https://m.media-amazon.com/images/M/MV5BYzUwZjdjMjQtMjg0OC00MTVjLThkY2MtYzhiY2Q1ZDI5NzBlXkEyXkFqcGdeQXVyMTMzNzIyNDc1._V1_QL75_UY281_CR6,0,190,281_.jpg"
1672164615-635,"https://www.imdb.com/search/title/?genres=animation&explore=title_type,genres&pf_rd_m=A2FGELUUNOQJNL&pf_rd_p=fd0c0dd4-de47-4168-baa8-239e02fd9ee7&pf_rd_r=0QT0GHSZHD654892VS4N&pf_rd_s=center-4&pf_rd_t=15051&pf_rd_i=genre&ref_=ft_gnr_pr4_i_1",Super Mario Bros. O Filme,https://www.imdb.com/title/tt6718170/?ref_=adv_li_tt,Super Mario Bros. O Filme,"https://m.media-amazon.com/images/M/MV5BYjY5MTYwMDYtNDk4OS00NmE1LWI2ZjItY2Q5ZmVmNTU4NTAyXkEyXkFqcGdeQXVyMTkxNjUyNQ@@._V1_QL75_UX190_CR0,10,190,281_.jpg"
1672164619-636,"https://www.imdb.com/search/title/?genres=animation&explore=title_type,genres&pf_rd_m=A2FGELUUNOQJNL&pf_rd_p=fd0c0dd4-de47-4168-baa8-239e02fd9ee7&pf_rd_r=0QT0GHSZHD654892VS4N&pf_rd_s=center-4&pf_rd_t=15051&pf_rd_i=genre&ref_=ft_gnr_pr4_i_1",Minha Academia de Heróis,https://www.imdb.com/title/tt5626028/?ref_=adv_li_tt,Minha Academia de Heróis,"https://m.media-amazon.com/images/M/MV5BMjRlNTgwMWItYTAxMS00ODQ2LTlhOTMtOWRjMjlhYTQxNjlkXkEyXkFqcGdeQXVyMTMzNDExODE5._V1_QL75_UY281_CR5,0,190,281_.jpg"
1672164623-637,"https://www.imdb.com/search/title/?genres=animation&explore=title_type,genres&pf_rd_m=A2FGELUUNOQJNL&pf_rd_p=fd0c0dd4-de47-4168-baa8-239e02fd9ee7&pf_rd_r=0QT0GHSZHD654892VS4N&pf_rd_s=center-4&pf_rd_t=15051&pf_rd_i=genre&ref_=ft_gnr_pr4_i_1",One Piece,https://www.imdb.com/title/tt0388629/?ref_=adv_li_tt,One Piece,"https://m.media-amazon.com/images/M/MV5BODcwNWE3OTMtMDc3MS00NDFjLWE1OTAtNDU3NjgxODMxY2UyXkEyXkFqcGdeQXVyNTAyODkwOQ@@._V1_QL75_UX190_CR0,2,190,281_.jpg"
1672164627-638,"https://www.imdb.com/search/title/?genres=animation&explore=title_type,genres&pf_rd_m=A2FGELUUNOQJNL&pf_rd_p=fd0c0dd4-de47-4168-baa8-239e02fd9ee7&pf_rd_r=0QT0GHSZHD654892VS4N&pf_rd_s=center-4&pf_rd_t=15051&pf_rd_i=genre&ref_=ft_gnr_pr4_i_1",A Rena do Nariz Vermelho,https://www.imdb.com/title/tt0058536/?ref_=adv_li_tt,A Rena do Nariz Vermelho,"https://m.media-amazon.com/images/M/MV5BYjdjZjkyYjUtOWJiZC00ZTE2LTk4MDktZjliOTk5ZDk5ZTZhXkEyXkFqcGdeQXVyNTAyODkwOQ@@._V1_QL75_UY281_CR4,0,190,281_.jpg"
1672164631-639,"https://www.imdb.com/search/title/?genres=animation&explore=title_type,genres&pf_rd_m=A2FGELUUNOQJNL&pf_rd_p=fd0c0dd4-de47-4168-baa8-239e02fd9ee7&pf_rd_r=0QT0GHSZHD654892VS4N&pf_rd_s=center-4&pf_rd_t=15051&pf_rd_i=genre&ref_=ft_gnr_pr4_i_1",Desencantada,https://www.imdb.com/title/tt1596342/?ref_=adv_li_tt,Desencantada,"https://m.media-amazon.com/images/M/MV5BNDVhYjU1ZjUtNzI3Ni00Mzg5LWJhNGYtMjE3Y2FlZWY2Y2Y2XkEyXkFqcGdeQXVyMTUzMTg2ODkz._V1_QL75_UX190_CR0,0,190,281_.jpg"
1672164635-640,"https://www.imdb.com/search/title/?genres=animation&explore=title_type,genres&pf_rd_m=A2FGELUUNOQJNL&pf_rd_p=fd0c0dd4-de47-4168-baa8-239e02fd9ee7&pf_rd_r=0QT0GHSZHD654892VS4N&pf_rd_s=center-4&pf_rd_t=15051&pf_rd_i=genre&ref_=ft_gnr_pr4_i_1",Homem-Aranha: Através do Aranhaverso,https://www.imdb.com/title/tt9362722/?ref_=adv_li_tt,Homem-Aranha: Através do Aranhaverso,"https://m.media-amazon.com/images/M/MV5BNDAzY2FkNjAtZGZlOS00YTE2LWE4YjctOGMwYzIxZWU4MDRiXkEyXkFqcGdeQXVyMTUzMTg2ODkz._V1_QL75_UY281_CR18,0,190,281_.jpg"
1672164638-641,"https://www.imdb.com/search/title/?genres=animation&explore=title_type,genres&pf_rd_m=A2FGELUUNOQJNL&pf_rd_p=fd0c0dd4-de47-4168-baa8-239e02fd9ee7&pf_rd_r=0QT0GHSZHD654892VS4N&pf_rd_s=center-4&pf_rd_t=15051&pf_rd_i=genre&ref_=ft_gnr_pr4_i_1",O Fabuloso Maurício,https://www.imdb.com/title/tt10473036/?ref_=adv_li_tt,O Fabuloso Maurício,"https://m.media-amazon.com/images/M/MV5BYWQ4NjQ1NjAtNTc3Yy00ZDVlLThlNmUtMzZjY2E3N2Y4Y2JmXkEyXkFqcGdeQXVyMjMwODE4ODI@._V1_QL75_UY281_CR2,0,190,281_.jpg"
1672164642-642,"https://www.imdb.com/search/title/?genres=animation&explore=title_type,genres&pf_rd_m=A2FGELUUNOQJNL&pf_rd_p=fd0c0dd4-de47-4168-baa8-239e02fd9ee7&pf_rd_r=0QT0GHSZHD654892VS4N&pf_rd_s=center-4&pf_rd_t=15051&pf_rd_i=genre&ref_=ft_gnr_pr4_i_1",Attack on Titan,https://www.imdb.com/title/tt2560140/?ref_=adv_li_tt,Attack on Titan,"https://m.media-amazon.com/images/M/MV5BNzc5MTczNDQtNDFjNi00ZDU5LWFkNzItOTE1NzQzMzdhNzMxXkEyXkFqcGdeQXVyNTgyNTA4MjM@._V1_QL75_UX190_CR0,2,190,281_.jpg"
1672164646-643,"https://www.imdb.com/search/title/?genres=animation&explore=title_type,genres&pf_rd_m=A2FGELUUNOQJNL&pf_rd_p=fd0c0dd4-de47-4168-baa8-239e02fd9ee7&pf_rd_r=0QT0GHSZHD654892VS4N&pf_rd_s=center-4&pf_rd_t=15051&pf_rd_i=genre&ref_=ft_gnr_pr4_i_1",O Estranho Mundo de Jack,https://www.imdb.com/title/tt0107688/?ref_=adv_li_tt,O Estranho Mundo de Jack,"https://m.media-amazon.com/images/M/MV5BNWE4OTNiM2ItMjY4Ni00ZTViLWFiZmEtZGEyNGY2ZmNlMzIyXkEyXkFqcGdeQXVyMDU5NDcxNw@@._V1_QL75_UX190_CR0,2,190,281_.jpg"
1672164651-644,"https://www.imdb.com/search/title/?genres=animation&explore=title_type,genres&pf_rd_m=A2FGELUUNOQJNL&pf_rd_p=fd0c0dd4-de47-4168-baa8-239e02fd9ee7&pf_rd_r=0QT0GHSZHD654892VS4N&pf_rd_s=center-4&pf_rd_t=15051&pf_rd_i=genre&ref_=ft_gnr_pr4_i_1",Os Simpsons,https://www.imdb.com/title/tt0096697/?ref_=adv_li_tt,Os Simpsons,"https://m.media-amazon.com/images/M/MV5BYjFkMTlkYWUtZWFhNy00M2FmLThiOTYtYTRiYjVlZWYxNmJkXkEyXkFqcGdeQXVyNTAyODkwOQ@@._V1_QL75_UX190_CR0,2,190,281_.jpg"
1672164655-645,"https://www.imdb.com/search/title/?genres=animation&explore=title_type,genres&pf_rd_m=A2FGELUUNOQJNL&pf_rd_p=fd0c0dd4-de47-4168-baa8-239e02fd9ee7&pf_rd_r=0QT0GHSZHD654892VS4N&pf_rd_s=center-4&pf_rd_t=15051&pf_rd_i=genre&ref_=ft_gnr_pr4_i_1",Scrooge: Um Conto de Natal,https://www.imdb.com/title/tt20917338/?ref_=adv_li_tt,Scrooge: Um Conto de Natal,"https://m.media-amazon.com/images/M/MV5BNDJmMzc1NzItNDQzYi00Nzk3LTg2NWYtMGRkNTM4MWIyMmU5XkEyXkFqcGdeQXVyMTEzMTI1Mjk3._V1_QL75_UY281_CR18,0,190,281_.jpg"
1672164660-646,"https://www.imdb.com/search/title/?genres=animation&explore=title_type,genres&pf_rd_m=A2FGELUUNOQJNL&pf_rd_p=fd0c0dd4-de47-4168-baa8-239e02fd9ee7&pf_rd_r=0QT0GHSZHD654892VS4N&pf_rd_s=center-4&pf_rd_t=15051&pf_rd_i=genre&ref_=ft_gnr_pr4_i_1",Uma Família da Pesada,https://www.imdb.com/title/tt0182576/?ref_=adv_li_tt,Uma Família da Pesada,"https://m.media-amazon.com/images/M/MV5BODEwZjEzMjAtNjQxMy00Yjc4LWFlMDAtYjhjZTAxNDU3OTg3XkEyXkFqcGdeQXVyOTM2NTM4MjA@._V1_QL75_UY281_CR11,0,190,281_.jpg"
1672164664-647,"https://www.imdb.com/search/title/?genres=animation&explore=title_type,genres&pf_rd_m=A2FGELUUNOQJNL&pf_rd_p=fd0c0dd4-de47-4168-baa8-239e02fd9ee7&pf_rd_r=0QT0GHSZHD654892VS4N&pf_rd_s=center-4&pf_rd_t=15051&pf_rd_i=genre&ref_=ft_gnr_pr4_i_1",A Bela e a Fera: Uma Comemoração de 30 Anos,https://www.imdb.com/title/tt21220842/?ref_=adv_li_tt,A Bela e a Fera: Uma Comemoração de 30 Anos,"https://m.media-amazon.com/images/M/MV5BNDMzMDIwY2QtZTQxNy00ZjQwLWJhNzAtYmNmYzg1ZTQ5YTdhXkEyXkFqcGdeQXVyMzAxOTk1MjA@._V1_QL75_UY281_CR17,0,190,281_.jpg"
1672164668-648,"https://www.imdb.com/search/title/?genres=animation&explore=title_type,genres&pf_rd_m=A2FGELUUNOQJNL&pf_rd_p=fd0c0dd4-de47-4168-baa8-239e02fd9ee7&pf_rd_r=0QT0GHSZHD654892VS4N&pf_rd_s=center-4&pf_rd_t=15051&pf_rd_i=genre&ref_=ft_gnr_pr4_i_1",Chainsaw Man,https://www.imdb.com/title/tt13616990/?ref_=adv_li_tt,Chainsaw Man,"https://m.media-amazon.com/images/M/MV5BZjY5MDFhZTgtOGVhMi00NTUzLTk5NjktNmRlMjI3NjI4MmE0XkEyXkFqcGdeQXVyMTMzNDExODE5._V1_QL75_UY281_CR0,0,190,281_.jpg"
1672164672-649,"https://www.imdb.com/search/title/?genres=animation&explore=title_type,genres&pf_rd_m=A2FGELUUNOQJNL&pf_rd_p=fd0c0dd4-de47-4168-baa8-239e02fd9ee7&pf_rd_r=0QT0GHSZHD654892VS4N&pf_rd_s=center-4&pf_rd_t=15051&pf_rd_i=genre&ref_=ft_gnr_pr4_i_1",Os Fantasmas de Scrooge,https://www.imdb.com/title/tt1067106/?ref_=adv_li_tt,Os Fantasmas de Scrooge,"https://m.media-amazon.com/images/M/MV5BNGYzN2MwZjktY2NjYy00YzFkLTg2ZWUtZjZmMzNkNzcwNWZkXkEyXkFqcGdeQXVyMTAyOTE2ODg0._V1_QL75_UY281_CR5,0,190,281_.jpg"
1672164675-650,"https://www.imdb.com/search/title/?genres=animation&explore=title_type,genres&pf_rd_m=A2FGELUUNOQJNL&pf_rd_p=fd0c0dd4-de47-4168-baa8-239e02fd9ee7&pf_rd_r=0QT0GHSZHD654892VS4N&pf_rd_s=center-4&pf_rd_t=15051&pf_rd_i=genre&ref_=ft_gnr_pr4_i_1",Klaus,https://www.imdb.com/title/tt4729430/?ref_=adv_li_tt,Klaus,"https://m.media-amazon.com/images/M/MV5BMWYwOThjM2ItZGYxNy00NTQwLWFlZWEtM2MzM2Q5MmY3NDU5XkEyXkFqcGdeQXVyMTkxNjUyNQ@@._V1_QL75_UX190_CR0,0,190,281_.jpg"
1672164680-651,"https://www.imdb.com/search/title/?genres=animation&explore=title_type,genres&pf_rd_m=A2FGELUUNOQJNL&pf_rd_p=fd0c0dd4-de47-4168-baa8-239e02fd9ee7&pf_rd_r=0QT0GHSZHD654892VS4N&pf_rd_s=center-4&pf_rd_t=15051&pf_rd_i=genre&ref_=ft_gnr_pr4_i_1",O Expresso Polar,https://www.imdb.com/title/tt0338348/?ref_=adv_li_tt,O Expresso Polar,"https://m.media-amazon.com/images/M/MV5BMTM1NTU0NTE4MV5BMl5BanBnXkFtZTcwMTQ0MjEzMw@@._V1_QL75_UY281_CR0,0,190,281_.jpg"
1672164684-652,"https://www.imdb.com/search/title/?genres=animation&explore=title_type,genres&pf_rd_m=A2FGELUUNOQJNL&pf_rd_p=fd0c0dd4-de47-4168-baa8-239e02fd9ee7&pf_rd_r=0QT0GHSZHD654892VS4N&pf_rd_s=center-4&pf_rd_t=15051&pf_rd_i=genre&ref_=ft_gnr_pr4_i_1",Rick e Morty,https://www.imdb.com/title/tt2861424/?ref_=adv_li_tt,Rick e Morty,"https://m.media-amazon.com/images/M/MV5BZjRjOTFkOTktZWUzMi00YzMyLThkMmYtMjEwNmQyNzliYTNmXkEyXkFqcGdeQXVyNzQ1ODk3MTQ@._V1_QL75_UX190_CR0,2,190,281_.jpg"
1672164688-653,"https://www.imdb.com/search/title/?genres=animation&explore=title_type,genres&pf_rd_m=A2FGELUUNOQJNL&pf_rd_p=fd0c0dd4-de47-4168-baa8-239e02fd9ee7&pf_rd_r=0QT0GHSZHD654892VS4N&pf_rd_s=center-4&pf_rd_t=15051&pf_rd_i=genre&ref_=ft_gnr_pr4_i_1",O Grinch,https://www.imdb.com/title/tt2709692/?ref_=adv_li_tt,O Grinch,"https://m.media-amazon.com/images/M/MV5BNWU5NDQ3ZGUtYjcwMy00ZjA4LThmZWUtMjVmZWRkMzBmMzI5XkEyXkFqcGdeQXVyMTAyOTE2ODg0._V1_QL75_UY281_CR5,0,190,281_.jpg"
1672164692-654,"https://www.imdb.com/search/title/?genres=animation&explore=title_type,genres&pf_rd_m=A2FGELUUNOQJNL&pf_rd_p=fd0c0dd4-de47-4168-baa8-239e02fd9ee7&pf_rd_r=0QT0GHSZHD654892VS4N&pf_rd_s=center-4&pf_rd_t=15051&pf_rd_i=genre&ref_=ft_gnr_pr4_i_1",Gato de Botas 2: O Último Pedido,https://www.imdb.com/title/tt3915174/?ref_=adv_li_tt,Gato de Botas 2: O Último Pedido,"https://m.media-amazon.com/images/M/MV5BNjMyMDBjMGUtNDUzZi00N2MwLTg1MjItZTk2MDE1OTZmNTYxXkEyXkFqcGdeQXVyMTQ5NjA0NDM0._V1_QL75_UX190_CR0,4,190,281_.jpg"
1672164695-655,"https://www.imdb.com/search/title/?genres=animation&explore=title_type,genres&pf_rd_m=A2FGELUUNOQJNL&pf_rd_p=fd0c0dd4-de47-4168-baa8-239e02fd9ee7&pf_rd_r=0QT0GHSZHD654892VS4N&pf_rd_s=center-4&pf_rd_t=15051&pf_rd_i=genre&ref_=ft_gnr_pr4_i_1",Mundo Estranho,https://www.imdb.com/title/tt10298840/?ref_=adv_li_tt,Mundo Estranho,"https://m.media-amazon.com/images/M/MV5BZTk1NzQwMWQtNzVmNS00MDc4LWE1MTktMmQyYzExYWMwZDQ4XkEyXkFqcGdeQXVyODc0OTEyNDU@._V1_QL75_UX190_CR0,0,190,281_.jpg"
1672164699-656,"https://www.imdb.com/search/title/?genres=animation&explore=title_type,genres&pf_rd_m=A2FGELUUNOQJNL&pf_rd_p=fd0c0dd4-de47-4168-baa8-239e02fd9ee7&pf_rd_r=0QT0GHSZHD654892VS4N&pf_rd_s=center-4&pf_rd_t=15051&pf_rd_i=genre&ref_=ft_gnr_pr4_i_1",Pinóquio,https://www.imdb.com/title/tt1488589/?ref_=adv_li_tt,Pinóquio,"https://m.media-amazon.com/images/M/MV5BZjg3MzJjZDYtMmUwMi00NjBkLTkyYzctYTNkNjdiZDk3ZDcxXkEyXkFqcGdeQXVyMTQyMTMwOTk0._V1_QL75_UY281_CR6,0,190,281_.jpg"
